{
  "version": 2,
  "body": {
    "variant": "tapered",
    "color": "#334155",
    "scale": [1, 1, 0.8505398064966664],
    "offset": [0, 0, -0.3733710248420046],
    "rotation": [0, 0, 0],
    "pivotLocal": [0, 0, 0]
  },
  "cockpit": {
    "variant": "sphere",
    "color": "#93c5fd",
    "scale": [1, 1.0626578327673473, 1.5139486492824685],
    "offset": [0, 0.13532945318728928, -1.0321787547617254],
    "rotation": [0, 0, 0],
    "pivotLocal": [0, 0, 0]
  },
  "wings": {
    "variant": "double",
    "color": "#64748b",
    "scale": [1, 1, 1],
    "offset": [0, 0, 0],
    "rotation": [0, 0, 0],
    "pivotLocal": [0, 0, 0],
    "aimRotation": [0, -0.45, 0],
    "pairSpread": -0.4279371428374916
  },
  "engines": {
    "variant": "cylinderDual",
    "color": "#1f2937",
    "scale": [1, 1, 1],
    "offset": [0, -0.04, 0.18302016147350808],
    "rotation": [0, 0, 0],
    "pivotLocal": [0, 0, 0],
    "aimRotation": [0.01, -1.59, 0],
    "pairSpread": -1
  },
  "weapons": {
    "variant": "dualCannon",
    "color": "#94a3b8",
    "scale": [1, 1, 1],
    "offset": [0, 0, -0.06723481404163689],
    "rotation": [0, 0, 0],
    "pivotLocal": [0, 0, 0],
    "aimRotation": [-1.53, 1.55, 0],
    "pairSpread": 0.6793105283411274
  }
}
