{
  "version": 2,
  "body": {
    "variant": "tapered",
    "color": "#006aff",
    "scale": [1, 1, 0.67163246452028],
    "offset": [0, 0, -0.8002432845830132],
    "rotation": [0, 0, 0],
    "pivotLocal": [0, 0, 0]
  },
  "cockpit": {
    "variant": "oval",
    "color": "#93c5fd",
    "scale": [1, 1, 1.3721489311874868],
    "offset": [0, 0.28, -1.4405200853867859],
    "rotation": [0, 0, 0],
    "pivotLocal": [0, 0, 0]
  },
  "wings": {
    "variant": "double",
    "color": "#ff0000",
    "scale": [2, 1, 1],
    "offset": [0, 0.0018885091647302676, -0.0684626783408393],
    "rotation": [0, 0, 0],
    "pivotLocal": [0, 0, 0],
    "aimRotation": [0.08715846415760162, 1.3004829931341588, -0.056444135378797444],
    "pairSpread": -1.3351414659543874
  },
  "engines": {
    "variant": "cylinderDual",
    "color": "#1f2937",
    "scale": [1, 1, 1],
    "offset": [0, -0.04, -0.26693349423551416],
    "rotation": [0, 0, 0],
    "pivotLocal": [0, 0, 0],
    "aimRotation": [0.009999999999999981, -1.5900000000000003, 0.0844577727110384],
    "pairSpread": -1.6090072790493797
  },
  "weapons": {
    "variant": "dualCannon",
    "color": "#c21414",
    "scale": [1, 1, 1],
    "offset": [0, 0.07680194939982976, 0.21027489154509427],
    "rotation": [0, 0, 0],
    "pivotLocal": [0, 0, 0],
    "aimRotation": [0.04245046728179344, 1.5499999999999998, -3.125317811156835e-17],
    "pairSpread": -0.07608666101838013
  }
}
